{"cameraMode":{"drawMode":0,"name":"Shaded","section":"Shading Mode"},"sceneLighting":false,"audioPlay":false,"sceneViewState":{"showFog":true,"showMaterialUpdate":false,"showSkybox":false,"showFlares":true,"showImageEffects":true,"showParticleSystems":true},"in2DMode":false,"pivot":{"x":-0.2667698860168457,"y":1.032984733581543,"z":0.004099845886230469},"rotation":{"x":0.033690813928842548,"y":-0.9662989974021912,"z":0.1826586127281189,"w":0.17823338508605958},"size":5.7839460372924809,"orthographic":false}